,recipe,ingredients,prep_time_in_mins,cook_time_in_mins,course,diet,difficulty,recipe_link
0,idli-how-to-make-soft-idlis,"regular rice,whole or split urad dal,thick poha,fenugreek seeds,water,rock salt,oil",9hours,25,"Breakfast,Snacks","GlutenFree,Vegan,Vegetarian",Moderate,https://www.vegrecipesofindia.com/idli-recipe-how-to-make-soft-idlis/
1,masala-dosa-how-to-make-masala-dosa,"idli rice,urad dal,thick poha,chana dal,fenugreek seeds,water,rock salt,potatoes,oil,mustard seeds,onions,ginger,curry leaves,green chillies,turmeric powder,asafoetida,coriander leaves,cashews,sugar,salt",9hours,30,"Breakfast,Snacks","Vegan,Vegetarian",Moderate,https://www.vegrecipesofindia.com/masala-dosa-recipe-how-to-make-masala-dosa-recipe/
2,upma-savoury-south-indian-breakfast-made-with-semolina,"rava,Ghee,mustard seeds,cumin seeds,chana dal,urad dal,cashews,finely chopped onions ,chopped green chilli,finely chopped ginger,curry leaves,water,salt,sugar,chopped coriander leaves",15,15,"Breakfast,Brunch",Vegetarian,Easy,https://www.vegrecipesofindia.com/upma-savoury-south-indian-breakfast-recipe-made-with-semolina/
3,sambhar-a-method-made-easy,"tamarind,hot water,tur dal,turmeric powder,water,chopped vegetables,drumsticks,pearl onions,tomato,turmeric powder ,kashmiri red chilli powder,salt,Sambar Powder,sesame oil ,mustard seeds,dry red chillies,curry leaves,asafoetida,fenugreek seeds,chopped coriander leaves",15,30,Main,Vegan,Moderate,https://www.vegrecipesofindia.com/sambhar-recipe-a-method-made-easy/
4,rava-idli-quick-rava-idli,"Ghee,cashews,mustard seeds,chana dal,cumin seeds,curry leaves,asafoetida,ginger,green chilli,carrots,coriander leaves,salt,rava,Curd,water,eno",35,12,"Breakfast,Brunch",Vegetarian,Moderate,https://www.vegrecipesofindia.com/rava-idli-recipe-quick-rava-idli/
5,tomato-rasam-tomato-rasam,"coriander stems,garlic cloves,ginger,cumin seeds,black peppercorns,chopped tomatoes,oil,mustard seeds,urad dal,dry red chillies,asafoetida,curry leaves,turmeric powder,salt,water ,chopped coriander leaves,tamarind,hot water,tomato,red chilli powder,water,Rasam Powder,dry red chilies",15,15,"Main,Starters",Vegan,Moderate,https://www.vegrecipesofindia.com/tomato-rasam-recipe-tomato-rasam/
6,onion-rava-dosa-dosas,"rava,Rice Flour,all-purpose flour,green chillies,onion,ginger,water,black peppercorns,coriander leaves,salt,oil,mustard seeds,cumin seeds,curry leaves",25,20,Breakfast,"Vegan,Vegetarian",Moderate,https://www.vegrecipesofindia.com/onion-rava-dosa-recipe-dosa-recipes/
7,medu-vada-medu-vada,"urad dal,water,cumin seeds,black peppercorns,chopped curry leaves,finely chopped onions,chopped green chilies,finely chopped ginger,asafoetida,chopped coconut pieces,chopped coriander leaves ,salt,oil",4hours,40,"Breakfast,Snacks",Vegan,Moderate,https://www.vegrecipesofindia.com/medu-vada-recipe-medu-vada/
8,rava-dosa-crisp-rava-dosa,"unroasted fine rava,Rice Flour,all-purpose flour,finely chopped green chillies,finely chopped onions,finely chopped ginger,chopped curry leaves,chopped coriander leaves,crushed black pepper,cumin seeds,water,salt,oil",5,25,Breakfast,Vegan,Easy,https://www.vegrecipesofindia.com/rava-dosa-crisp-rava-dosa/
9,chickpea-curry,"dried white chickpeas,water,salt,fresh grated coconut,cinnamon,fennel seeds,cumin seeds,coriander seeds,dry red chilies,cloves,black cardamom,green cardamoms,black peppercorns,stone flower,oil,mustard seeds,tej patta,onions,Ginger Garlic Paste,turmeric powder,asafoetida,curry leaves,tomatoes,green chilli,coriander leaves",9hours,30,Main,Vegan,Moderate,https://www.vegrecipesofindia.com/chickpea-curry/
10,oats-dosa,"quick cooking oats,Rice Flour,rava,Curd,finely chopped onions,finely chopped ginger,finely chopped green chilies,chopped coriander leaves,curry leaves,cumin seeds,black pepper,grated coconut,water,salt,oil",15,25,"Breakfast,Snacks",Vegetarian,Moderate,https://www.vegrecipesofindia.com/oats-dosa-recipe/
11,moong-dal-dosa-pesarattu-a-cripsy-dosa-made-from-moong-dal,"whole moong beans,rice,enough water,water,ginger,green chilli,coriander leaves,asafoetida,cumin seeds,salt,onions,oil ,upma,coconut chutney,Coriander Chutney,ginger chutney",4hours,30,Breakfast,"GlutenFree,Vegan,Vegetarian",Moderate,https://www.vegrecipesofindia.com/moong-dal-dosa-pesarattu-a-cripsy-dosa-made-from-moong-dal/
12,south-indians,,4hours,30,Breakfast,"GlutenFree,Vegan,Vegetarian",Moderate,https://www.vegrecipesofindia.com/recipes/south-indian-recipes/
13,south-indianspage2,,4hours,30,Breakfast,"GlutenFree,Vegan,Vegetarian",Moderate,https://www.vegrecipesofindia.com/recipes/south-indian-recipes/page/2/
14,south-indianspage3,,4hours,30,Breakfast,"GlutenFree,Vegan,Vegetarian",Moderate,https://www.vegrecipesofindia.com/recipes/south-indian-recipes/page/3/
15,south-indianspage25,,4hours,30,Breakfast,"GlutenFree,Vegan,Vegetarian",Moderate,https://www.vegrecipesofindia.com/recipes/south-indian-recipes/page/25/
16,tiffin-sambar-sambars,"arhar dal,masoor dal,turmeric powder,water for pressure cooking,oil,mustard seeds,urad dal,curry leaves,asafoetida powder,large onion,medium tomatoes,drumsticks,medium carrot,green beans or flat beans,medium potato,okra,small brinjals,water or add as required,salt as required,tamarind,warm or hot water,kashmiri chilies or byadagi/bedgi chilies,large curry leaves,coriander seeds,chana dal,cumin seeds,whole black pepper,fenugreek seeds,water to be added later or add as required,few coriander leaves for garnish",20,30,SideDish,"Vegan,Vegetarian",Moderate,https://www.vegrecipesofindia.com/tiffin-sambar-recipe-sambar-recipes/
17,bisi-bele-bath,"rice,peanuts,rock salt,water,tur dal,turmeric powder,carrot,french beans,green peas,brinjals,onion,tomato,tamarind,Bisi Bele Bath Powder,desiccated coconut,Ghee,marathi moggu,mustard seeds,byadagi chillies,curry leaves,asafoetida,cashews",1hour,20,Main,Vegetarian,Moderate,https://www.vegrecipesofindia.com/bisi-bele-bath-recipe/
18,appam-kerala-appam,"regular rice,water,thick poha,grated fresh coconut,instant yeast,salt,sugar",4hours,30,"Breakfast,Snacks","GlutenFree,Vegan,Vegetarian",Moderate,https://www.vegrecipesofindia.com/appam-recipe-kerala-appam/
19,hotel-style-veg-kurma,"desiccated coconut,cashews,poppy seeds,roasted chana dal,coriander seeds,fennel seeds ,cumin seeds,cloves,green cardamoms,black peppercorns,kapok bud,stone flower,chopped green chilies,finely chopped garlic,finely chopped ginger,water ,cauliflower florets,chopped potatoes,green peas,french beans,chopped carrots,oil,finely chopped onions,chopped tomatoes,curry leaves,turmeric powder,red chili powder,Curd,water,salt,chopped coriander leaves,fresh grated coconut,garlic,ginger,dry red kashmiri chilies,fennel seeds,cinnamon stick,green cardamom,a small tiny piece of stone flower,water for grinding,chopped onions ,chopped tomatoes ,chopped french beans,potato,chopped capsicum,white button mushrooms",15,20,Main,"GlutenFree,Vegan",Moderate,https://www.vegrecipesofindia.com/hotel-style-veg-kurma-recipe/
20,lemon-rice,"rice,water,salt,lemon juice,mustard seeds,urad dal,dry red chilies,chopped green chilies,curry leaves,asafoetida,turmeric powder,cashews,peanuts,sesame oil",20,5,Main,"Vegan,Vegetarian",Easy,https://www.vegrecipesofindia.com/lemon-rice/
21,tomato-rice-easy-tomato-rice,"basmati rice,water as required,finely chopped tomatoes,finely chopped onions,Ginger Garlic Paste,chopped green chilli,mustard seeds,fenugreek seeds,true cinnamon,green cardamoms,cloves,curry leaves,turmeric powder,red chilli powder,black pepper powder,Coriander Powder,cumin powder,chopped mint leaves,chopped coriander leaves,water,oil,salt",20,20,Main,"GlutenFree,Vegan",Easy,https://www.vegrecipesofindia.com/tomato-rice-recipe-easy-tomato-rice/
22,poha-dosa-poha-dosa,"idli rice ,thick poha,urad dal,Curd,water,baking soda,salt,oil",20,30,Breakfast,Vegetarian,Moderate,https://www.vegrecipesofindia.com/poha-dosa-poha-dosa-recipe/
23,capsicum-masala,"chopped onions,chopped ginger,chopped garlic,desiccated coconut,peanuts,white sesame seeds,coriander seeds,poppy seeds,oil,tamarind,water,mustard seeds,fenugreek seeds,curry leaves,chopped tomatoes,sliced capsicum,turmeric powder,red chili powder,Garam Masala,jaggery powder,salt,chopped coriander leaves",30,30,Main,"GlutenFree,Vegan",Moderate,https://www.vegrecipesofindia.com/capsicum-masala-recipe/
24,rava-kesari,"Ghee,cashews,raisins,rava,sugar,water,saffron strands,natural orange color extract,green cardamom powder,edible camphor",10,15,"Desserts,Sweets",Vegetarian,Moderate,https://www.vegrecipesofindia.com/rava-kesari-recipe/
25,rava-uttapam-sooji-uttapam,"fine variety of rava,water,lemon juice,baking soda,salt as per taste,oil,small onion,small tomato,green chili",30,15,Snacks,Vegan,Easy,https://www.vegrecipesofindia.com/rava-uttapam-recipe-sooji-uttapam/
26,easy-rasam-rasams,"lemon sized tamarind,warm or hot water,chopped tomatoes,water,curry leaves,asafoetida,turmeric powder,mustard seeds,dry red chilies,chopped coriander leaves,oil,salt,cumin seeds,black peppercorns,garlic",20,10,Main,Vegan,Easy,https://www.vegrecipesofindia.com/easy-rasam-recipe-rasam-recipes/
27,oats-idli-oatss,"oats,fine rava,Curd,water,eno,grated carrot,chopped coriander leaves,salt,oil,mustard seeds,cumin seeds,urad dal,chana dal,asafoetida,crushed black pepper,chopped green chilies,finely chopped curry leaves,finely chopped ginger,cashews,grated coconut",25,15,Breakfast,Vegetarian,Moderate,https://www.vegrecipesofindia.com/oats-idli-recipe-oats-recipes/
28,south-indianspage4,,25,15,Breakfast,Vegetarian,Moderate,https://www.vegrecipesofindia.com/recipes/south-indian-recipes/page/4/
29,poori-masala,"potatoes,thinly sliced onions,chopped tomatoes,finely chopped ginger,chopped green chilies,sprig curry leaf,mustard seeds,cumin seeds,chana dal,urad dal,asafoetida,turmeric powder,cashews,besan,water,chopped coriander leaves,oil,sugar,salt",20,20,"Main,SideDish","Vegan,Vegetarian",Moderate,https://www.vegrecipesofindia.com/poori-masala/
30,bread-upma,"chopped bread cubes,oil,mustard seeds,cumin seeds,finely chopped onions,finely chopped green chilies,finely chopped ginger,curry leaves, finely chopped tomatoes,turmeric powder,red chili powder,asafoetida,chopped coriander leaves,salt ",10,20,"Breakfast,Snacks","Vegan,Vegetarian",Moderate,https://www.vegrecipesofindia.com/bread-upma-recipe/
31,coconut-chutney-coconut-chutney,"fresh grated coconut,roasted chana dal,green chilies,ginger,salt,water,mustard seeds,urad dal,cumin seeds,curry leaves,asafoetida,dry red chili,oil",12,3,SideDish,Vegan,Moderate,https://www.vegrecipesofindia.com/coconut-chutney-recipe-coconut-chutney/
32,sambar-powder-homemade-sambar-powder,"coriander seeds,cumin seeds,dry red chillies,fenugreek seeds,black pepper,chana dal,urad dal,curry leaves,mustard seeds,asafoetida,turmeric powder",10,20,Condiment,Vegan,Moderate,https://www.vegrecipesofindia.com/sambar-powder-recipe-homemade-sambar-powder/
33,chettinad-mushroom-biryani,"oil,finely chopped onions,finely chopped tomatoes,finely chopped green chillies ,Ginger Garlic Paste,coriander leaves,chopped mint leaves,curry leaves,white button mushrooms,turmeric powder,red chili powder,Garam Masala,Coriander Powder,black pepper powder,basmati rice,water,salt,cumin seeds,fennel seeds,cinnamon,cloves,green cardamoms,strands of mace,tej patta ,star anise,Ghee,chopped coriander leaves,green chilies,garlic cloves,ginger,Curd,red chilli powder,black pepper,tejpatta,mace strands,stone flower,kapok buds,thinly sliced onions,chopped tomatoes,Coconut Milk",20,25,Main,"GlutenFree,Vegetarian",Moderate,https://www.vegrecipesofindia.com/chettinad-mushroom-biryani-recipe/
34,tomato-chutney,"large tomatoes,ginger,dry red chilies,urad dal,black pepper,cloves,asafoetida,water for grinding,oil,salt as required,dry red chili,curry leaves,mustard seeds,fenugreek seeds,onion,tomatoes,dry red red chilies,a small piece of tamarind,sunflower oil,water as required for grinding the chutney",5,15,SideDish,Vegan,Easy,https://www.vegrecipesofindia.com/tomato-chutney-recipe/
35,rotis-made-from-whole-wheat-flour,"whole wheat flour,water,salt,oil ",10,30,Main,"Vegan,Vegetarian",Moderate,https://www.vegrecipesofindia.com/rotis-made-from-whole-wheat-flour/
36,gobi-65-gobis,"cauliflower,hot water,dry red chilies,chopped garlic,chopped ginger,water,gram flour,Rice Flour,corn starch,turmeric powder,red chilli powder,Garam Masala,Coriander Powder,lemon juice,salt,oil,mustard seeds,finely chopped onions,finely chopped garlic,finely chopped ginger,green chilies,curry leaves,chopped coriander leaves,sugar",30,20,Snacks,Vegan,Moderate,https://www.vegrecipesofindia.com/gobi-65-recipe-gobi-recipes/
37,poha-idli-idlis,"idli dosa rice or parboiled rice,thick poha,whole urad dal,methi seeds,water for soaking,water for grinding,sugar,rock salt (edible and food grade),baking soda,oil for greasing the idli moulds",9hours,15,Breakfast,Vegan,Moderate,https://www.vegrecipesofindia.com/poha-idli-recipe-idli-recipes/
38,instant-idli-mix,"Rice Flour,urad dal,thick poha,salt,idli mix flour,water,Curd,eno",18,12,Breakfast,Vegetarian,Moderate,https://www.vegrecipesofindia.com/instant-idli-mix-recipe/
39,peanut-chutney,"peanuts,chana dal ,green chilies,garlic cloves,white sesame seeds,curry leaves,oil,asafoetida,salt,water",5,15,SideDish,"Diabetic,Vegan",Moderate,https://www.vegrecipesofindia.com/peanut-chutney/
40,vendakkai-poriyal-okra-poriyal,"bhindi,sesame oil,mustard seeds,urad dal,curry leaves,green chilies,asafoetida,turmeric powder,chopped coriander leaves,salt as required",10,15,SideDish,Vegan,Moderate,https://www.vegrecipesofindia.com/vendakkai-poriyal-recipe-okra-poriyal/
41,south-indianspage5,,10,15,SideDish,Vegan,Moderate,https://www.vegrecipesofindia.com/recipes/south-indian-recipes/page/5/
42,oats-upma,"quick cooking oats,oil,finely chopped onions,finely chopped carrots,finely chopped french beans,green peas,curry leaves,mustard seeds,cumin seeds,chana dal,urad dal,cashews,ginger,green chilies,chopped coriander leaves,water,oil ,salt",10,20,Breakfast,"Vegan,Vegetarian",Easy,https://www.vegrecipesofindia.com/oats-upma-recipe/
43,how-to-make-coconut-milk,"grated fresh coconut,water",25,0,Beverages,"GlutenFree,Vegan",Moderate,https://www.vegrecipesofindia.com/how-to-make-coconut-milk/
44,cooked-rice-idli,"leftover rice,idli rava,urad dal,water,rock salt,oil",9hours,12,"Breakfast,Snacks","GlutenFree,Vegan",Moderate,https://www.vegrecipesofindia.com/cooked-rice-idli/
45,dosa-dosa-batter,"idli rice,regular rice,urad dal,fenugreek seeds,thick poha,water,rock salt,oil",9hours,30,Breakfast,"GlutenFree,Vegan,Vegetarian",Moderate,https://www.vegrecipesofindia.com/dosa-recipe-dosa-batter-recipe/
46,diwali-sweetss-diwalis-2013,,9hours,30,Breakfast,"GlutenFree,Vegan,Vegetarian",Moderate,https://www.vegrecipesofindia.com/diwali-sweets-recipes-diwali-recipes-2013/
47,kerala-vegetable-stew,"carrot,potato,green peas,french beans,thinly sliced onion,garlic cloves,ginger,green chilies,cinnamon,cloves,crushed black pepper,green cardamoms,thin coconut milk,Coconut Milk (Thick),curry leaves,coconut oil,salt as required,sugar as required",10,30,Main,"GlutenFree,Vegan",Moderate,https://www.vegrecipesofindia.com/kerala-vegetable-stew-recipe/
48,south-indian-mushroom-peas-curry,"oil,button mushrooms,green peas,water,fresh grated coconut,cashews,mustard seeds,urad dal,fenugreek seeds,cumin seeds,chopped onions,Ginger Garlic Paste,chopped tomatoes,red chilli powder,turmeric powder,coriander powder,Garam Masala,curry leaves,green peas stock,salt,chopped coriander leaves",20,25,Main,"GlutenFree,Vegan",Moderate,https://www.vegrecipesofindia.com/south-indian-mushroom-peas-curry/
49,paneer-65-paneers,"Paneer,Rice Flour,gram flour,cornstarch,green chili paste,garlic paste,ginger paste,red chili powder,Garam Masala,lemon juice,water,oil,salt,finely chopped onions,green chilies,finely chopped ginger,finely chopped garlic,curry leaves,dry red chilies,mustard seeds,sugar,chopped coriander leaves",30,25,"Snacks,Starters",Vegetarian,Moderate,https://www.vegrecipesofindia.com/paneer-65-recipe-paneer-recipes/
50,masala-vada-masala-vadai,"chana dal,water,chopped onions,finely chopped ginger,chopped green chilies,curry leaves,chopped coriander leaves,rock salt (edible and food grade),oil,dry red chilies,fennel seeds,coriander seeds,black pepper,chopped green chili,chopped ginger,asafoetida,salt",15,20,Snacks,Vegan,Moderate,https://www.vegrecipesofindia.com/masala-vada-recipe-masala-vadai/
51,masala-paniyaram,"Idli Batter,finely chopped onions,finely chopped green chilies,finely chopped ginger,asafoetida (hing),crushed black pepper,red chili powder,chopped curry leaves,grated coconut,salt,oil",5,30,Breakfast,"Vegan,Vegetarian",Moderate,https://www.vegrecipesofindia.com/masala-paniyaram-recipe/
52,set-dosa-sponge-dosa,"idli rice,poha,urad dal,fenugreek seeds,water,sugar,rock salt,baking soda,oil",9hours,30,Breakfast,"GlutenFree,Vegan",Moderate,https://www.vegrecipesofindia.com/set-dosa-recipe-sponge-dosa/
53,vermicelli-upma-seviyan-upma,"broken semiya, seviyan or whole wheat vermicelli,oil ,mustard seeds,urad dal,cumin seeds,medium sized onion,,finely chopped ginger,green chili,dry red chili,curry leaves,asafoetida,water,sugar,salt as required,chopped coriander leaves ,few lemon wedges",10,15,"Breakfast,Snacks",Vegetarian,Moderate,https://www.vegrecipesofindia.com/vermicelli-upma-seviyan-upma/
54,south-indianspage6,,10,15,"Breakfast,Snacks",Vegetarian,Easy,https://www.vegrecipesofindia.com/recipes/south-indian-recipes/page/6/
55,red-coconut-chutney-kerala-style,"coconut,pearl onions,dry red chilies,ginger,water,salt,mustard seeds,urad dal,curry leaves,coconut oil",10,5,"Condiment,SideDish",Vegan,Moderate,https://www.vegrecipesofindia.com/red-coconut-chutney-recipe-kerala-style/
56,bajra-roti-bajra-bhakri,"pearl millet flour,sunflower oil,water,salt,bajra flour",20,30,Main,"GlutenFree,Vegan,Vegetarian",Moderate,https://www.vegrecipesofindia.com/bajra-roti-bajra-bhakri/
57,hyderabadi-mirchi-ka-salan,"green chilies,tamarind,water,mustard seeds,nigella seeds,cumin seeds,curry leaves,oil,salt,coriander leaves,desiccated coconut,peanuts,white sesame seeds,onions,garlic cloves,ginger,red chili powder,turmeric powder,Garam Masala",30,20,SideDish,"GlutenFree,Vegan",Moderate,https://www.vegrecipesofindia.com/hyderabadi-mirchi-ka-salan-recipe/
58,mysore-pak,"sugar,gram flour,Ghee,water",5,20,Sweets,"GlutenFree,Vegetarian",Difficult,https://www.vegrecipesofindia.com/mysore-pak-recipe/
59,lemon-coriander-rasam,"pigeon pea lentils,turmeric powder,water,chopped coriander leaves,cumin seeds,black pepper,green chilies,ginger,garlic cloves,sesame oil,mustard seeds,curry leaves,dry red chilies,asafoetida,lemon juice,salt",15,15,Main,Vegan,Moderate,https://www.vegrecipesofindia.com/lemon-coriander-rasam-recipe/
60,carrot-rice,"rice,water,salt,grated carrots,mustard seeds,small tej patta,cinnamon,green cardamoms,cloves,chopped green chili,curry leaves,asafoetida,oil,sliced onions,cashews,raisins,chopped coriander leaves",15,15,Main,Vegan,Easy,https://www.vegrecipesofindia.com/carrot-rice-recipe/
61,ven-pongal-khara-pongal,"rice,moong dal,cumin seeds,asafoetida,ginger,water,salt,black peppercorns,curry leaves,cashews,Ghee",5,20,"Breakfast,SideDish",Vegetarian,Moderate,https://www.vegrecipesofindia.com/ven-pongal-recipe-khara-pongal-recipe/
62,raw-mango-rice,"rice,salt,oil,water,grated fresh coconut,chopped mangoes,dried red chilies,green chili,white sesame seeds,peanuts,jaggery,peanut oil,mustard seeds,chana dal,urad dal,asafoetida,turmeric powder,curry leaves",25,15,"Main,SideDish",Vegan,Moderate,https://www.vegrecipesofindia.com/raw-mango-rice-recipe/
63,diwali-snackss-diwalis-2013,,25,15,"Main,SideDish",Vegan,Easy,https://www.vegrecipesofindia.com/diwali-snacks-recipes-diwali-recipes-2013/
64,pineapple-kesari,"rava,sugar,water,Ghee,cashews,raisins,green cardamom powder,chopped pineapple,natural yellow food color,pineapple essence",5,10,Sweets,Vegetarian,Moderate,https://www.vegrecipesofindia.com/pineapple-kesari-recipe/
65,davangere-benne-dosa,"idli dosa rice,urad dal,,methi seeds,puffed rice,maida,sugar,water for soaking,water,baking soda,salt as per taste,oil and butter as required,potatoes,onion,small green chili,,oil,salt as required,tightly packed grated coconut,,green chilies.,seeds of a green cardamom,water for grinding",9hours,30,"Breakfast,Brunch,Snacks",Vegetarian,Moderate,https://www.vegrecipesofindia.com/davangere-benne-dosa-recipe/
66,south-indianspage7,,9hours,30,"Breakfast,Brunch,Snacks",Vegetarian,Moderate,https://www.vegrecipesofindia.com/recipes/south-indian-recipes/page/7/
67,shorba-for-biryani-pulao,"tomatoes,onion,green chili,ginger,garlic cloves,coconut,mint leaves,water,oil,tejpatta,black cardamom,green cardamoms,cinnamon,cloves,allspice,mace strands,black peppercorns,turmeric powder,red chili powder,cumin powder,Garam Masala,Coriander Powder,Veg Stock,salt,coriander leaves",15,15,SideDish,Vegan,Moderate,https://www.vegrecipesofindia.com/shorba-recipe-for-biryani-pulao/
68,bisi-bele-bath-masala-powder,"coriander seeds,chana dal,urad dal,byadagi chillies,guntur red chilies,cumin seeds,black peppercorns,green cardamoms,cinnamon,cloves,marathi moggu,desiccated coconut,poppy seeds,mace,fenugreek seeds,curry leaves,asafoetida",30,15,Condiment,Vegan,Moderate,https://www.vegrecipesofindia.com/bisi-bele-bath-masala-powder/
69,vengaya-sambar-onion-sambar,"tuvar dal,turmeric powder,water,oil,dry red chilies,mustard seeds,urad dal,fenugreek seeds,curry leaves,asafoetida,small onions,small tomato,tightly packed seedless tamarind,Sambar Powder,salt as required",20,25,Main,Vegan,Moderate,https://www.vegrecipesofindia.com/vengaya-sambar-recipe-onion-sambar/
70,kerala-sambar-kerala-sambar,"tur dal,small onion,asafoetida,water ,pearl onions,okra,eggplants,tomato,turmeric powder,salt,water,tamarind,coconut oil,mustard seeds,urad dal,sprig curry leaves,dry kashmiri red chilies,cumin seeds,coriander seeds,fenugreek seeds,black peppercorns,dry red chilies,curry leaves,grated fresh coconut",20,45,Main,Vegan,Moderate,https://www.vegrecipesofindia.com/kerala-sambar-recipe-kerala-sambar/
71,idli-fry-idlis,"Idli,chaat masala,salt,oil",1minute,10,"Breakfast,Snacks","GlutenFree,Vegan",Moderate,https://www.vegrecipesofindia.com/idli-fry-recipe-idli-recipes/
72,beetroot-thoran-beetroot-thoran,"coconut oil,mustard seeds,cumin seeds,pearl onions,dry red chilies,green chili,finely chopped ginger,curry leaves,beetroots,turmeric powder,red chilli powder,Coriander Powder,salt,grated fresh coconut,green cardamom,black peppercorns,cinnamon,clove",10,25,Main,"GlutenFree,Vegan",Moderate,https://www.vegrecipesofindia.com/beetroot-thoran-recipe-beetroot-thoran/
73,poha-upma,"thick poha,turmeric powder,sugar,salt as required,medium potato,small to medium carrot,green peas,oil,mustard seeds,chana dal,urad dal,cashews,dried red chili,green chilies,ginger,curry leaves,asafoetida,medium onion,,grated coconut,chopped coriander leaves,small lime",15,15,"Breakfast,Brunch,Snacks",Vegan,Moderate,https://www.vegrecipesofindia.com/poha-upma-recipe/
74,ragi-idli,"idli rice,urad dal,thick poha,fenugreek seeds,finger millet flour,water,rock salt",9hours,30,Breakfast,"GlutenFree,Vegan",Moderate,https://www.vegrecipesofindia.com/ragi-idli-recipe/
75,moong-dal-ladoo,"moong dal,sugar,Ghee,green cardamoms",5,12,Sweets,"GlutenFree,Vegetarian",Moderate,https://www.vegrecipesofindia.com/moong-dal-ladoo-recipe/
76,tamarind-rasam,"tamarind ,tomato,water,chopped coriander leaves,oil,salt,black peppercorns,cumin seeds,garlic cloves,dry red chilies,coriander leaves,mustard seeds,asafoetida powder,curry leaves",30,15,Main,"Vegan,Vegetarian",Moderate,https://www.vegrecipesofindia.com/tamarind-rasam/
77,potato-peas-kurma-curry,"green peas,potato,onion,Coriander Powder,fennel powder,turmeric powder,tej patta,cloves,cinnamon,water,oil,salt,coriander leaves,poppy seeds,coconut,ginger,kashmiri red chilies,cashews",20,10,Main,"GlutenFree,Vegan",Moderate,https://www.vegrecipesofindia.com/potato-peas-kurma-curry-recipe/
78,onion-chutney,"chopped onions,chopped garlic ,kashmiri red chilies,oil,chana dal,urad dal,tamarind,salt,water,mustard seeds,asafoetida,curry leaves",5,15,SideDish,Vegan,Easy,https://www.vegrecipesofindia.com/onion-chutney-recipe/
79,south-indianspage8,,5,15,SideDish,Vegan,Moderate,https://www.vegrecipesofindia.com/recipes/south-indian-recipes/page/8/
80,tomato-rice,"tomatoes ,medium sized garlic cloves,ginger,green chilies,cumin seeds,cloves,cinnamon,fresh coconut,rice,water as required,ghee ,medium sized tej patta,medium sized onion,,small to medium capsicum,,turmeric powder,red chili powder,salt,sugar,water,coriander leaves ,fresh coconut ",20,20,Main,"GlutenFree,Vegetarian",Moderate,https://www.vegrecipesofindia.com/tomato-rice-recipe/
81,kerala-paratha-kerala-parotta,"all-purpose flour,water,sugar,salt,oil",10,30,Main,Vegan,Moderate,https://www.vegrecipesofindia.com/kerala-paratha-kerala-parotta/
82,ragi-dosa,"idli rice,urad dal,poha,ragi flour,fenugreek seeds,water,rock salt (edible and food grade),oil",9hours,30,Breakfast,"GlutenFree,Vegan",Moderate,https://www.vegrecipesofindia.com/ragi-dosa-recipe/
83,masala-puri-chaat,"dried white peas,water,salt,turmeric powder,cinnamon,cloves,marathi moggu ,mace strands,nutmeg powder,coriander seeds,cumin seeds,roasted chana dal,medium garlic cloves,ginger,chopped coriander leaves,green chilies,fresh coconut,cooked white peas,water ,oil,chopped onions,red chili powder,sugar,salt ,pani puri ,finely chopped onions,finely chopped tomatoes,finely chopped coriander leaves,chaat masala,lemon juice,Tamarind Chutney,regular salt ",9hours,20,Snacks,"Vegan,Vegetarian",Moderate,https://www.vegrecipesofindia.com/masala-puri-chaat-recipe/
84,7-cup-barfi,"besan,fresh coconut,Ghee,milk,sugar,cardamom powder",5,25,Sweets,Vegetarian,Moderate,https://www.vegrecipesofindia.com/7-cup-barfi-recipe/
85,baby-potato-fry,"baby potatoes,sesame oil,mustard seeds,cumin seeds,sliced pearl onions,curry leaves,asafoetida,turmeric powder,red chili powder,Sambar Powder,salt,chopped coriander leaves",15,10,SideDish,Vegan,Moderate,https://www.vegrecipesofindia.com/baby-potato-fry-recipe/
86,mixed-dal-dosa,"mixed lentils,water,green chili,ginger,asafoetida,Rice Flour,rava,oil,salt",7hours,30,Breakfast,Vegan,Moderate,https://www.vegrecipesofindia.com/mixed-dal-dosa-recipe/
87,chole-biryani-chana-biryani,"oil,caraway seeds,green cardamoms,black cardamom,cinnamon,tej patta,cloves,thinly sliced onions,chopped tomatos,finely chopped ginger,finely chopped garlic,green chilies,turmeric powder,red chilli powder,Coriander Powder,dried white chickpeas,water,salt,Coconut Milk,basmati rice,single strands of mace,chopped mint leaves,chopped coriander leaves,ginger julienne,warm water,rose water",45,30,Main,Vegetarian,Moderate,https://www.vegrecipesofindia.com/chole-biryani-recipe-chana-biryani/
88,red-chutney-for-dosa,"roasted Bengal gram,garlic cloves,Kashmiri dried red chilies,tamarind,onions,desiccated coconut ,salt,water",15,0,SideDish,"GlutenFree,Vegan",Easy,https://www.vegrecipesofindia.com/red-chutney-for-dosa/
89,tamarind-rice,"heaped sona masuri rice,salt,water for cooking rice,turmeric powder,sesame oil,dry red chillies,coriander seeds,chana dal,urad dal,fenugreek seeds,whole black pepper,sesame seeds,asafoetida,tamarind,hot water for tamarind pulp,mustard seeds,peanuts,a pinch of asafoedita,sprig curry leaves,jaggery powder,salt as required",30,30,Main,Vegan,Moderate,https://www.vegrecipesofindia.com/tamarind-rice-recipe/
90,arachuvitta-sambar,"pigeon pea lentils,water,turmeric powder,oil,drumsticks,ash gourd,carrot,shallots,sesame oil,mustard seeds,dried red chilies,sprig curry leaves,pinch of asafoetida,salt,dried red chillies,coriander seeds,fenugreek seeds,chana dal,black peppercorns,fresh grated coconut,tightly packed tamarind,hot water",30,45,Main,"Vegan,Vegetarian",Moderate,https://www.vegrecipesofindia.com/arachuvitta-sambar-recipe/
91,ganesh-chaturthis-vinayaka-chaturthis,"Rice Flour,salt,oil,water,poppy seeds,cardamom powder,nutmeg powder,fresh grated coconut,chopped jaggery",10,30,Sweets,Vegetarian,Moderate,https://www.vegrecipesofindia.com/ganesh-chaturthi-recipes-vinayaka-chaturthi-recipes/
92,south-indianspage9,,10,30,Sweets,Vegetarian,Moderate,https://www.vegrecipesofindia.com/recipes/south-indian-recipes/page/9/
93,poha-ladoo-poha-laddu,"poha,jaggery powder,Ghee,milk,green cardamom powder,cashews,raisins",1minute,14,Sweets,"GlutenFree,Vegetarian",Moderate,https://www.vegrecipesofindia.com/poha-ladoo-recipe-poha-laddu/
94,banana-appam-banana-paniyaram,"Rice Flour,chopped jaggery,water,bananas,chopped coconut,Ghee,black sesame seeds,green cardamom powder,ginger powder,cumin powder,baking soda",20,30,"Snacks,Sweets","GlutenFree,Vegetarian",Moderate,https://www.vegrecipesofindia.com/banana-appam-recipe-banana-paniyaram/
95,potato-korma-aloo-kurma,"dry kashmiri chilies,coriander seeds,poppy seeds,cumin seeds,chopped potatoes,oil,cloves,green cardamoms,cinnamon,thinly sliced onions,Ginger Garlic Paste,Curd,water,Coconut Milk (Thick),cashews,chopped coriander,salt",20,35,Main,"GlutenFree,Vegetarian",Moderate,https://www.vegrecipesofindia.com/potato-korma-recipe-aloo-kurma/
96,filter-coffee,"ground coffee,water,whole milk,sugar for each glass",10,5,Beverages,"GlutenFree,Vegetarian",Easy,https://www.vegrecipesofindia.com/filter-coffee-recipe/
97,radish-sambar-mullangi-sambar,"tur dal,water,turmeric powder,peeled and sliced white radish,tamarind pulp,Sambar Powder,mustard,fenugreek seeds,shallots or pearl onions,dry red chilies,asafoetida,urad dal,sprig curry leaves,medium size tomatoes,oil,salt as required,sugar or jaggery,turmeric",20,20,Main,"Vegan,Vegetarian",Moderate,https://www.vegrecipesofindia.com/radish-sambar-mullangi-sambar/
98,mysore-bonda-ulundu-bonda,"urad dal,water,Rice Flour,crushed black pepper,cumin seeds,ginger,green chili,chopped fresh coconut,curry leaves,asafoetida,salt,oil,grated coconut,roasted chana dal,green chilies",8hours,30,Snacks,Vegan,Moderate,https://www.vegrecipesofindia.com/mysore-bonda-ulundu-bonda/
99,potato-roast-aloo-roast,"potatoes,mustard seeds,turmeric powder,red chilli powder,Sambar Powder,asafoetida,curry leaves,oil",20,8,SideDish,Vegan,Moderate,https://www.vegrecipesofindia.com/potato-roast-recipe-aloo-roast/
100,bagara-baingan,"oil,brinjals,cumin seeds,turmeric powder,kashmiri red chilli powder,curry leaves,water,salt,chopped coriander leaves,onions,garlic,ginger,desiccated coconut,raw peanuts,white sesame seeds,poppy seeds,coriander seeds,cinnamon stick,cloves,tej patta,black peppercorns,caraway seeds,black cardamom,tamarind,green chillies,coriander leaves",20,40,Main,"GlutenFree,Vegan",Moderate,https://www.vegrecipesofindia.com/bagara-baingan/
101,mushroom-pepper-fry,"coconut oil,mustard seeds,onions,Ginger Garlic Paste,white button mushrooms,capsicum,green chili,curry leaves,black peppercorns,fennel seeds,Coriander Powder,cumin powder,turmeric powder,salt,chopped coriander leaves",15,25,Main,"GlutenFree,Vegan",Moderate,https://www.vegrecipesofindia.com/mushroom-pepper-fry-recipe/
102,paal-payasam-rice-payasam,"basmati rice,whole milk,sugar,Ghee",10,50,"Desserts,Sweets","GlutenFree,Vegetarian",Moderate,https://www.vegrecipesofindia.com/paal-payasam-recipe-rice-payasam-recipe/
103,curd-rice,"rice,water,Curd,milk,green chilli,ginger,curry leaves,coriander leaves,sesame oil,mustard seeds,urad dal,asafoetida,pomegranate arils",15,5,"Main,SideDish",Vegetarian,Moderate,https://www.vegrecipesofindia.com/curd-rice/
104,oats-uttapam,"quick cooking oats,rava,gram flour,water,lemon juice,baking soda,salt,onion,tomato,bell pepper,green chilli,coriander leaves,oil",20,20,"Breakfast,Snacks",Vegan,Moderate,https://www.vegrecipesofindia.com/oats-uttapam-recipe/
105,south-indianspage10,,20,20,"Breakfast,Snacks",Vegan,Moderate,https://www.vegrecipesofindia.com/recipes/south-indian-recipes/page/10/
106,french-beans-poriyal,"french beans,oil,mustard seeds,urad dal,dry red chilies,turmeric powder,asafoetida,sprig of curry leaves,fresh grated coconut,water,salt ",10,20,SideDish,"Vegan,Vegetarian",Moderate,https://www.vegrecipesofindia.com/french-beans-poriyal-recipe/
107,raw-banana-poriyal-vazhakkai-poriyal,"small to medium raw bananas,coconut oil,dry red chili,mustard seeds,urad dal,cumin seeds,curry leaves,asafoetida,water,grated coconut,chopped coriander leaves",5,20,SideDish,"Vegan,Vegetarian",Easy,https://www.vegrecipesofindia.com/raw-banana-poriyal-recipe-vazhakkai-poriyal/
108,ragi-malt,"ragi flour or sprouted ragi flour,water,jaggery powder or add as required,cardamom powder,chopped cashews",2,13,Breakfast,Vegan,Easy,https://www.vegrecipesofindia.com/ragi-malt/
109,mango-pickle-andhra-avakaya,"unripe mangoes,mustard seeds,fenugreek seeds,kashmiri red chili powder,rock salt,white chickpeas,turmeric powder,sesame oil",30,0,"Condiment,SideDish","GlutenFree,Vegan",Moderate,https://www.vegrecipesofindia.com/mango-pickle-recipe-andhra-avakaya/
110,mix-veg-kuzhambu,"oil,mustard seeds,urad dal,pearl onions,curry leaves,tomato,vegetables,drumsticks,turmeric powder,red chilli powder,water,salt,tamarind,coriander seeds,fenugreek seeds,whole black pepper,cumin seeds,coconut",30,20,"Main,SideDish","GlutenFree,Vegan",Moderate,https://www.vegrecipesofindia.com/mix-veg-kuzhambu-recipe/
111,cabbage-thoran,"cabbage,finely chopped onions,curry leaves,black mustard seeds,cumin seeds,asafoetida,green chili,turmeric powder,grated coconut,coconut oil,salt,chopped coriander leaves",15,15,SideDish,Vegan,Moderate,https://www.vegrecipesofindia.com/cabbage-thoran/
112,aloo-bonda-potato-bonda,"besan,Rice Flour,water,turmeric powder,red chili powder,asafoetida,baking soda,salt as required,medium sized potatoes,medium sized onion,green chilies,,curry leaves,chopped coriander leaves,Ginger Garlic Paste,mustard seeds,lemon juice,urad dal,oil,oil for deep or shallow frying",30,30,Snacks,Vegan,Moderate,https://www.vegrecipesofindia.com/aloo-bonda-recipe-potato-bonda/
113,coconut-milk-pulao,"basmati rice,onions,ginger,garlic cloves,green chilli,green peas,chopped french beans,curry leaves,cloves,green cardamoms,cinnamon,mace,cumin seeds,Coconut Milk,water,oil,coriander leaves,salt",20,20,Main,"GlutenFree,Vegan",Moderate,https://www.vegrecipesofindia.com/coconut-milk-pulao-recipe/
114,masala-idli,"regular medium sized idlis,finely chopped onions,finely chopped tomatoes,green chili,Ginger Garlic Paste,turmeric powder,red chili powder,Pav Bhaji Masala,cumin seeds,oil,water,chopped coriander leaves",5,10,Snacks,Vegan,Easy,https://www.vegrecipesofindia.com/masala-idli-recipe/
115,beetroot-rice-beetroot-pulao,"basmati rice,water as required,oil,green cardamoms,cinnamon,cloves,black peppercorns,mustard seeds,cumin seeds,chopped onions,curry leaves,finely chopped beetroot,Ginger Garlic Paste,green chilies,chopped coriander leaves,turmeric powder,red chili powder,Coriander Powder,water,salt",20,15,Main,Vegetarian,Moderate,https://www.vegrecipesofindia.com/beetroot-rice-recipe-beetroot-pulao/
116,brinjal-sambar-kathirikai-sambar,"seedless tamarind ,water,pigeon pea lentils,onion,asafoetida,brinjals,tomato,salt as required,red chili powder,turmeric powder,Sambar Powder,oil,black mustard seeds,spilt and skinned black gram,dry red chilies,curry leaves",30,20,Main,"Vegan,Vegetarian",Moderate,https://www.vegrecipesofindia.com/brinjal-sambar-kathirikai-sambar/
117,south-indianspage11,,30,20,Main,"Vegan,Vegetarian",Moderate,https://www.vegrecipesofindia.com/recipes/south-indian-recipes/page/11/
118,chocolate-modak,"Mawa,chocolate chips,sugar,cardamom powder,oil,pistachios,rose petals",2,15,Desserts,Vegetarian,Moderate,https://www.vegrecipesofindia.com/chocolate-modak-recipe/
119,kadala-curry-kadala-kari,"black chickpeas,water,fennel seeds,mace,cinnamon,cloves,grated nutmeg,fresh grated coconut,chopped shallots,ginger,green chilies,curry leaves,mustard seeds,turmeric powder,red chili powder,Coriander Powder,black pepper powder,coconut oil,water ,salt ",30,25,Main,Vegetarian,Moderate,https://www.vegrecipesofindia.com/kadala-curry-recipe-kadala-kari/
120,cabbage-vada-cabbage-vadai,"chana dal,urad dal,water,finely chopped cabbage,green chili,ginger,chopped coriander leaves,chopped curry leaves,fennel seeds,cumin seeds,black peppercorns,asafoetida,salt,oil",10,25,Snacks,Vegan,Moderate,https://www.vegrecipesofindia.com/cabbage-vada-recipe-cabbage-vadai/
121,sabudana-dosa,"sabudana,idli rice,urad dal,fenugreek seeds,water,rock salt,oil",9hours,30,Breakfast,"GlutenFree,Vegan",Moderate,https://www.vegrecipesofindia.com/sabudana-dosa-recipe/
122,paper-dosa,"regular rice,,urad dal,,thick poha,chana dal,methi seeds,water ,fine rava ,rock salt (edible and food grade) or sea salt or regular salt,oil ",9hours,20,"Breakfast,Snacks",Vegetarian,Moderate,https://www.vegrecipesofindia.com/paper-dosa-recipe/
123,green-mango-chutney,"mangoes,desiccated coconut,green chilies,garlic cloves,salt,water",15,0,"Condiment,SideDish","GlutenFree,Vegan",Easy,https://www.vegrecipesofindia.com/green-mango-chutney/
124,mushroom-korma,"grated coconut,cashews,water for soaking cashews,water,onion,tomatoes,mushrooms,,Ginger Garlic Paste,oil,mustard seeds,cumin seeds,urad dal,fenugreek seeds,turmeric powder,kashmiri red chilli powder,Coriander Powder,Garam Masala,curry leaves,salt as required,chopped coriander leaves for garnish",15,20,Main,"GlutenFree,Vegan",Moderate,https://www.vegrecipesofindia.com/mushroom-korma-recipe/
125,roasted-chana-dal-chutney,"roasted chana dal,fresh grated coconut,ginger,green chilies,water,salt,oil,mustard seeds,curry leaves",5,2,"Condiment,SideDish","GlutenFree,Vegan",Moderate,https://www.vegrecipesofindia.com/roasted-chana-dal-chutney-recipe/
126,ghee-rice-rices,"basmati rice,Ghee,cashews,raisins,thinly sliced onions ,water,rock salt (edible and food grade),chopped coriander leaves,cinnamon,green cardamoms,cloves,single strands of mace,black peppercorns,tej patta",30,20,Main,"GlutenFree,Vegetarian",Easy,https://www.vegrecipesofindia.com/ghee-rice-recipe-rice-recipes/
127,amla-pickle-amla-avakaya,"Indian gooseberry,sesame oil,garlic cloves,mustard seeds,fenugreek seeds,red chili powder,turmeric powder,salt,lemon juice,asafoetida",20,10,"Condiment,SideDish",Vegan,Moderate,https://www.vegrecipesofindia.com/amla-pickle-recipe-amla-avakaya/
128,south-indianspage12,,20,10,"Condiment,SideDish",Vegan,Moderate,https://www.vegrecipesofindia.com/recipes/south-indian-recipes/page/12/
129,garlic-rasam,"black pepper,cumin seeds,garlic cloves,dry red chilies,water,tamarind,sesame oil,mustard seeds,urad dal,curry leaves,garlic,tomato,turmeric powder,asafoetida,salt,coriander leaves",20,15,SideDish,Vegan,Moderate,https://www.vegrecipesofindia.com/garlic-rasam-recipe/
130,star-gooseberry-pickle,"star gooseberries,red chili powder,turmeric powder,rock salt,sesame oil,mustard seeds,fenugreek seeds,asafoetida",15,5,"Condiment,SideDish","Vegan,Vegetarian",Moderate,https://www.vegrecipesofindia.com/star-gooseberry-pickle-recipe/
131,adai,"regular rice ,chana dal,urad dal,tuvar dal,dry red chilies,water ,chopped ginger,asafoetida,chopped green chili,cumin seeds,onions,curry leaves,coriander leaves,grated coconut,salt ,oil ",10,30,"Breakfast,Main,Snacks",Vegan,Moderate,https://www.vegrecipesofindia.com/adai-recipe/
132,instant-mango-pickle,"mangoes,Kashmiri red chili powder,turmeric powder,salt,sesame oil,mustard seeds,fenugreek seeds,asafoetida,curry leaves",10,2,"Condiment,SideDish",Vegan,Moderate,https://www.vegrecipesofindia.com/instant-mango-pickle-recipe/
133,dussehras-dasaras,,10,2,"Condiment,SideDish",Vegan,Easy,https://www.vegrecipesofindia.com/dussehra-recipes-dasara-recipes/
134,maddur-vada,"Rice Flour,all purpose flour,fine sooji,onion ,green chilies,curry leaves,coriander leaves,salt,hing,oil, ,water,oil for deep frying",10,20,"Snacks,Starters",Vegan,Moderate,https://www.vegrecipesofindia.com/maddur-vada-recipe/
135,red-chili-coconut-chutney,"grated coconut ,roasted chana dal,dry red chillies,chopped ginger,garlic cloves,tamarind,salt,water,oil,mustard seeds,cumin seeds,asafoetida,sprig curry leaves",10,5,"Appetizers,SideDish",Vegan,Moderate,https://www.vegrecipesofindia.com/red-chili-coconut-chutney/
136,gutti-vankaya-kura,"small purple or green brinjals,salt,enough water for soaking brinjals,large onion,Ginger Garlic Paste,mustard seeds,urad dal,cumin seeds,sprig curry leaves,oil,water,salt as required,chopped coriander leaves,tamarind,warm or hot water,peanuts,desiccated coconut,coriander seeds,methi seeds,dry red chilies,turmeric powder",20,20,Main,"GlutenFree,Vegan",Moderate,https://www.vegrecipesofindia.com/gutti-vankaya-kura-recipe/
137,dal-rasam,"pigeon pea lentils,black mustard seeds,split and skinned black gram,dry red chilies,asafoetida,turmeric powder,water,seedless tamarind soaked in ½ cup water,curry leaves,oil,salt as required,coriander leaves,fenugreek seeds,black peppercorns,cumin seeds,coriander seeds",15,15,Main,"Vegan,Vegetarian",Moderate,https://www.vegrecipesofindia.com/dal-rasam/
138,instant-dosa-mix,"urad dal,fenugreek seeds,idli rava,gram flour,salt",10,20,Breakfast,"GlutenFree,Vegetarian",Moderate,https://www.vegrecipesofindia.com/instant-dosa-mix-recipe/
139,veg-sagu-veg-saagu,"cinnamon,green cardamoms,cloves,marathi moggu,whole black peppercorns,coriander seeds,cumin seed,roasted chana dal,small garlic cloves,,ginger,,chopped coriander leaves,,grated coconut,green chilies,,water,oil,mustard seeds,split husked black gram,spring curry leaves,asafoetida,dry red chillies,onions,turmeric powder,tomatoes,of mixed veggies,salt as required,chopped coriander leaves,cashews",15,40,Main,Vegan,Moderate,https://www.vegrecipesofindia.com/veg-sagu-recipe-veg-saagu/
140,south-indianspage13,,15,40,Main,Vegan,Moderate,https://www.vegrecipesofindia.com/recipes/south-indian-recipes/page/13/
141,paneer-ghee-roast,"Ghee,coriander seeds,cumin seeds,fennel seeds,whole black pepper,fenugreek seeds,kashmiri red chillies,guntur red chillies,garlic cloves,tightly packed tamarind,water,lemon juice,Curd,Paneer,salt,chopped onions,curry leaves,turmeric powder,jaggery powder",15,15,"Appetizers,SideDish","GlutenFree,Vegetarian",Moderate,https://www.vegrecipesofindia.com/paneer-ghee-roast-recipe/
142,baingan-masala,"brinjal ,water ,salt,sesame seeds,peanuts,desiccated coconut,coriander seeds,cumin seeds,oil,chopped onions,Ginger Garlic Paste,tightly packed finely chopped tomatoes ,chopped green chillies,chopped coriander leaves,turmeric powder,kashmiri red chilli powder,Garam Masala,water,salt ",10,20,Main,"GlutenFree,Vegan",Moderate,https://www.vegrecipesofindia.com/baingan-masala-recipe/
143,onion-tomato-uthappam,"idli rice,water,whole husked urad dal,water for soaking urad dal,fenugreek seeds,rock salt (edible and food grade),chopped onions,chopped coriander leaves,curry leaves,green chilies,finely chopped onions,finely chopped tomatoes,finely chopped coriander leaves,oil,Pav Bhaji Masala",9hours,30,Breakfast,"GlutenFree,Vegan,Vegetarian",Moderate,https://www.vegrecipesofindia.com/onion-tomato-uthappam/
144,carrot-payasam-carrot-kheer,"carrots,water,green cardamoms,coconut milk,Coconut Milk,jaggery powder,cashews,raisins,rock salt,oil",15,25,"Desserts,Sweets","GlutenFree,Vegan,Vegetarian",Moderate,https://www.vegrecipesofindia.com/carrot-payasam-carrot-kheer/
145,potato-pulao-aloo-pulao,"heaped basmati rice,water for soaking rice,medium to large potatoes,oil,tej patta,green cardamoms,cloves,cinnamon,mustard seeds,medium onion,sprig curry leaves,turmeric powder,water,salt as required,chopped coriander,medium tomato,garlic cloves,ginger,green chilies,chopped coriander leaves,fennel seeds,cumin seeds",30,12,Main,"GlutenFree,Vegan,Vegetarian",Moderate,https://www.vegrecipesofindia.com/potato-pulao-recipe-aloo-pulao-recipe/
146,vendakkai-sambar-okra-sambar,"tuvar dal,medium onion,a pinch of asafoetida,water for pressure cooking,medium sized okra,medium tomato,water,Sambar Powder,red chili powder,turmeric powder,salt as required,sesame oil,tightly packed tamarind,mustard seeds,urad dal,dry red chilies,sprig of curry leaves",30,20,Main,"GlutenFree,Vegan,Vegetarian",Moderate,https://www.vegrecipesofindia.com/vendakkai-sambar-recipe-okra-sambar/
147,pori-urundai-murmura-ladoo,"puffed rice,jaggery powder,roasted gram,cardamom powder,water",5,15,Desserts,Vegan,Moderate,https://www.vegrecipesofindia.com/pori-urundai-recipe-murmura-ladoo/
148,pumpkin-erissery-onam-sadya,"pumpkin,turmeric powder,red chili powder,salt,water,black eyed peas,fresh grated coconut,cumin seeds,green chili,coconut oil,mustard seeds,curry leaves,dry red chilies",25,25,Main,"GlutenFree,Vegan",Moderate,https://www.vegrecipesofindia.com/pumpkin-erissery-onam-sadya-recipe/
149,coconut-rice,"basmati rice,water,coconut oil,mustard seeds,urad dal,chana dal,cashews,dry red chilies,green chilies,asafoetida,curry leaves,coconut,salt",30,10,Main,Vegan,Moderate,https://www.vegrecipesofindia.com/coconut-rice-recipe/
150,kozhukattai,"grated fresh coconut,jaggery ,cardamom powder,ghee or oil,water,salt ,Rice Flour",30,15,Sweets,"GlutenFree,Vegetarian",Moderate,https://www.vegrecipesofindia.com/kozhukattai-recipe/
151,cabbage-pachadi-cabbage-chutney,"sesame oil,urad dal,chana dal,chopped cabbage,green chilies,curry leaves,salt,tamarind,water,mustard seeds,asafoetida,dry red chilies",10,15,"Condiment,SideDish","Vegan,Vegetarian",Moderate,https://www.vegrecipesofindia.com/cabbage-pachadi-recipe-cabbage-chutney/
152,south-indianspage14,,10,15,"Condiment,SideDish","Vegan,Vegetarian",Easy,https://www.vegrecipesofindia.com/recipes/south-indian-recipes/page/14/
153,tomato-biryani,"seeraga samba rice,tomatoes,oil,onions,Ginger Garlic Paste,green chili,chopped coriander leaves,chopped mint leaves,turmeric powder,red chili powder,Coriander Powder,Garam Masala,medium potato,green peas,Coconut Milk (Thick),water,salt,cinnamon,green cardamoms,cloves,tej patta,cumin seeds,fennel seeds,stone flower,single strands of mace",20,30,Main,"GlutenFree,Vegan,Vegetarian",Moderate,https://www.vegrecipesofindia.com/tomato-biryani-recipe/
154,atta-dosa-whole-wheat-dosa,"whole wheat flour,Rice Flour,water,chopped curry leaves,shallots,finely chopped ginger,asafoetida,jeera,lemon juice,salt",5,20,"Breakfast,Snacks","Vegan,Vegetarian",Moderate,https://www.vegrecipesofindia.com/atta-dosa-recipe-whole-wheat-dosa/
155,potato-curry-for-masala-dosa,"potatoes,green peas,large onion,curry leaves,chana dal,mustard seeds,cumin seeds,green chilies,finely chopped ginger,turmeric powder,asafoetida,water,sugar,oil,salt",30,20,SideDish,Vegan,Moderate,https://www.vegrecipesofindia.com/potato-curry-recipe-for-masala-dosa/
156,chana-sundal,"dried white chickpeas,water,oil,black mustard seeds,urad dal,asafoetida,dry red chilies,curry leaves,fresh grated coconut,salt",5,30,"SideDish,Snacks",Vegan,Moderate,https://www.vegrecipesofindia.com/chana-sundal/
157,goli-baje-mangalore-bajji,"maida,Rice Flour,finely chopped ginger,green chilies,,curry leaves,,chopped coriander leaves,grated or finely chopped fresh coconut,sour curd,water,sugar,baking soda,salt ,oil as required",3hours,20,Snacks,Vegan,Moderate,https://www.vegrecipesofindia.com/goli-baje-recipe-mangalore-bajji/
158,urad-dal-ladoo,"urad dal,raw sugar,Ghee,green cardamoms",5,12,Sweets,"GlutenFree,Vegetarian",Moderate,https://www.vegrecipesofindia.com/urad-dal-ladoo-recipe/
159,mysore-rasam,"Ghee,chana dal,coriander seeds,cumin seeds,black peppercorns,fenugreek seeds,byadagi red chillies,curry leaves,asafoetida,fresh grated coconut,arhar dal,turmeric powder,water,tamarind,hot water,tomato,salt,mustard seeds,chopped coriander leaves",20,20,Main,Vegetarian,Moderate,https://www.vegrecipesofindia.com/mysore-rasam-recipe/
160,south-indianspage15,,20,20,Main,Vegetarian,Moderate,https://www.vegrecipesofindia.com/recipes/south-indian-recipes/page/15/
161,puran-poli-bobbatlu-holige,"whole wheat flour,all-purpose flour,oil,salt,turmeric powder,water,ghee,chana dal,jaggery,green cardamom powder,nutmeg powder",1hour,30,Sweets,Vegetarian,Moderate,https://www.vegrecipesofindia.com/puran-poli-recipe-bobbatlu-holige-recipe/
162,almond-halwa-badam-halwa,"mamra almonds,boiling hot water for soaking & blanching almonds,water,saffron strands,Ghee,sugar",45,20,Desserts,"GlutenFree,Vegetarian",Moderate,https://www.vegrecipesofindia.com/almond-halwa-badam-halwa-recipe/
163,balushahi-badusha,"all-purpose flour,Ghee,Curd,cold water ,salt,baking soda,baking powder,sugar ,water,cardamom powder,saffron strands,lemon juice ,oil,chopped pistachios ",10,30,"Desserts,Sweets",Vegetarian,Moderate,https://www.vegrecipesofindia.com/balushahi-recipe-badusha-recipe/
164,kala-chana-sundal-ganesh-chaturthi,"black chickpeas,water,mustard seeds,urad dal,green chili,dry red chili,asafoetida,grated fresh coconut,curry leaves,lemon juice,coconut oil,rock salt",5,30,"SideDish,Snacks",Vegan,Moderate,https://www.vegrecipesofindia.com/kala-chana-sundal-ganesh-chaturthi/
165,potato-sagu,"potatoes,oil,mustard seeds,urad dal,chana dal,onion,green chilies,ginger,curry leaves,tomato,turmeric powder,asafoetida,gram flour,water,salt,coriander leaves",20,30,Breakfast,Vegan,Moderate,https://www.vegrecipesofindia.com/potato-sagu-recipe/
166,raw-banana-fry-vazhakkai-fry,"unripe banana,oil,mustard seeds,curry leaves,asafoetida,red chili powder,Coriander Powder,turmeric powder,salt as required,chopped coriander leaves",5,25,SideDish,Vegan,Moderate,https://www.vegrecipesofindia.com/raw-banana-fry-recipe-vazhakkai-fry/
167,ribbon-pakoda,"roasted chana dal,dry red chilli,cumin seeds,gram flour,heaped rice flour ,hing ,salt ,white sesame seeds,Butter,water ,oil ",10,20,Snacks,Vegetarian,Moderate,https://www.vegrecipesofindia.com/ribbon-pakoda-recipe/
168,ash-gourd-halwa-kashi-halwa,"Ghee,cashews,raisins,ash gourd,water,sugar,saffron strands,green cardamom powder",10,30,"Desserts,Sweets","GlutenFree,Vegetarian",Moderate,https://www.vegrecipesofindia.com/ash-gourd-halwa-recipe-kashi-halwa/
169,beetroot-bhaji,"beetroot,salt,water,oil,mustard seeds,cumin seeds,asafoetida,dry red chilies,green chilies,curry leaves,turmeric,finely chopped onions,fresh grated coconut",20,10,SideDish,"Vegan,Vegetarian",Easy,https://www.vegrecipesofindia.com/beetroot-bhaji-recipe/
170,south-indianspage16,,20,10,SideDish,"Vegan,Vegetarian",Moderate,https://www.vegrecipesofindia.com/recipes/south-indian-recipes/page/16/
171,sambar-rice-sambar-sadam,"rice,toor dal,water,salt,sesame oil,tightly packed tamarind,hot water,thickly sliced onions,curry leaves,asafoetida,diced tomatoes,chopped mixed veggies,drumstick,turmeric powder,kashmiri red chili powder,Sambar Powder,Ghee,mustard seeds,dry red chillies",10,40,Main,Vegetarian,Moderate,https://www.vegrecipesofindia.com/sambar-rice-recipe-sambar-sadam/
172,ash-gourd-thoran,"ash gourd,finely chopped onions,green chili,mustard seeds,cumin seeds,turmeric powder,curry leaves,fresh grated coconut,coconut oil,salt",15,20,SideDish,"GlutenFree,Vegan",Moderate,https://www.vegrecipesofindia.com/ash-gourd-thoran-recipe/
173,raw-banana-plaintain-pakoras-bhajiya,"raw unripe bananas ,gram flour,Rice Flour,red chilli powder,turmeric powder,baking soda,generous pinch of asafoetida ,salt,cup water,oil",5,20,Snacks,"Vegan,Vegetarian",Moderate,https://www.vegrecipesofindia.com/raw-banana-plaintain-pakoras-bhajiya-recipe/
174,tomato-thokku-tomato-thokku,"tomatoes,tamarind,sesame oil,mustard seeds,urad dal,ginger,dry red chilli,curry leaves,turmeric powder,red chilli powder,asafoetida,salt,fenugreek powder,jaggery",15,25,"Condiment,SideDish",Vegan,Moderate,https://www.vegrecipesofindia.com/tomato-thokku-recipe-tomato-thokku/
175,rava-kichadi,"rava,Ghee,mustard seeds,chana dal,urad dal,chopped onions,green chilies,finely chopped ginger,curry leaves,finely chopped carrots,green peas,finely chopped tomatoes,turmeric powder,coriander leaves,water,salt",5,15,"Breakfast,Brunch",Vegetarian,Moderate,https://www.vegrecipesofindia.com/rava-kichadi-recipe/
176,capsicum-fry-potato-capsicum,"capsicum,small to medium potato,sesame oil,small mustard seeds,curry leaves,green chili,asafoetida,turmeric powder,salt as required,chopped coriander leaves",5,15,SideDish,Vegan,Moderate,https://www.vegrecipesofindia.com/capsicum-fry-recipe-potato-capsicum/
177,carrot-poriyal,"sesame oil,mustard seeds,urad dal,green chili,curry leaves,turmeric powder,asafoetida,finely chopped carrots,water,grated fresh coconut,salt",5,20,SideDish,Vegan,Moderate,https://www.vegrecipesofindia.com/carrot-poriyal-recipe/
178,cauliflower-kurma,"cauliflower ,salt,hot water ,fresh grated coconut,chopped green chillies,chopped ginger,chopped garlic,roasted chana dal ,cashews,poppy seeds,fennel seeds,cinnamon,stone flower,water ,oil,cloves,curry leaves ,chopped onions ,chopped tomatoes ,turmeric powder,water,salt ,chopped coriander leaves",15,30,Main,"GlutenFree,Vegan",Moderate,https://www.vegrecipesofindia.com/cauliflower-kurma-recipe/
179,suran-chips-yam-chips,"elephant foot yam,red chilli powder,turmeric powder,lemon juice,salt,oil,chopped coriander leaves,lemon wedges",20,20,Snacks,"GlutenFree,Vegan",Moderate,https://www.vegrecipesofindia.com/suran-chips-yam-chips/
180,bread-dosa-instant-dosa,"bread slices,Rice Flour,gram flour,Curd,salt,water,fruit salt,oil,mustard seeds,cumin seeds,chopped curry leaves,asafoetida",10,20,Breakfast,Vegetarian,Moderate,https://www.vegrecipesofindia.com/bread-dosa-recipe-instant-dosa/
181,south-indianspage17,,10,20,Breakfast,Vegetarian,Moderate,https://www.vegrecipesofindia.com/recipes/south-indian-recipes/page/17/
182,dibba-rotti,"urad dal,water,rice rava or idli rava,green chilli,cumin seeds,salt,peanut oil ",4hours,20,"Breakfast,Brunch,Snacks","GlutenFree,Vegan",Moderate,https://www.vegrecipesofindia.com/dibba-rotti/
183,aval-payasam,"Ghee,cashews,raisins,thick poha,full fat milk,saffron strands,sugar ,cardamom powder",5,15,"Desserts,Sweets","GlutenFree,Vegan",Moderate,https://www.vegrecipesofindia.com/aval-payasam-recipe/
184,tomato-sambar-thakkali-sambar,"tur dal,tomatoes,pearl onions,turmeric powder,asafoetida,water,tamarind,hot water,Sambar Powder,green chilies,salt,sesame oil,mustard seeds,dry red chilies,sprig curry leaf",20,20,Main,Vegan,Moderate,https://www.vegrecipesofindia.com/tomato-sambar-recipe-thakkali-sambar/
185,carrot-chutney,"carrots,oil,urad dal,chana dal,green chili,curry leaves,of asafoetida,grated coconut,water,salt as required,mustard seeds,asafoetida",5,10,SideDish,"Vegan,Vegetarian",Easy,https://www.vegrecipesofindia.com/carrot-chutney-recipe/
186,potato-podimas,"large potatoes,mustard seeds,cumin seeds,asafoetida powder,turmeric powder,grated ginger,green chili,,curry leaves,oil,chopped coriander leaves,lemon juice or as required,some grated coconut,salt as required",25,15,SideDish,Vegan,Moderate,https://www.vegrecipesofindia.com/potato-podimas-recipe/
187,kara-chutney-tomato-chutney,"sesame oil,sliced pearl onions,chopped tomatoes,chopped garlic,dry red chilies,,tamarind,split and husked bengal gram,split husked black gram,salt as required,water for grinding chutney,mustard seeds,curry leaves,asafoetida",5,15,Breakfast,Vegetarian,Moderate,https://www.vegrecipesofindia.com/kara-chutney-recipe-tomato-chutney/
188,idli-upma-upmas,"Idli,oil,mustard seeds,cumin seeds,urad dal,curry leaves,ginger,green chili,dry red chili,asafoetida,onions,salt,coriander leaves",5,10,Breakfast,Vegan,Moderate,https://www.vegrecipesofindia.com/idli-upma-recipe-upma-recipes/
189,onams-onam-sadyas,,5,10,Breakfast,Vegan,Moderate,https://www.vegrecipesofindia.com/onam-recipes-onam-sadya-recipes/
190,mtr-style-khara-bhath,"fine rava,oil,cashews,mustard seeds,chana dal,urad dal,finely chopped onions,finely chopped capsicum,finely chopped carrot,finely chopped tomatoes,frozen green peas,curry leaves,sugar,salt as required,vangi bhaat masala,red chilli powder,water,Ghee,chopped coriander leaves,few wedges of lime",10,20,Breakfast,Vegetarian,Moderate,https://www.vegrecipesofindia.com/mtr-style-khara-bhath-recipe/
191,kosambari-moong-dal-kosambari,"moong dal,water,finely chopped cucumber,grated coconut,green chili,chopped coriander leaves,lemon juice,salt,oil,mustard seeds,asafoetida,curry leaves",15,20,SideDish,Vegan,Moderate,https://www.vegrecipesofindia.com/kosambari-recipe-moong-dal-kosambari/
192,bread-vada,"bread,chopped onions,ginger,green chilies,chopped coriander leaves,curry leaves,black pepper,cumin seeds,asafoetida,turmeric powder,Curd,Rice Flour,fine sooji,salt as required,oil for deep frying",10,20,Snacks,Vegetarian,Moderate,https://www.vegrecipesofindia.com/bread-vada-recipe/
193,south-indianspage18,,10,20,Snacks,Vegetarian,Easy,https://www.vegrecipesofindia.com/recipes/south-indian-recipes/page/18/
194,khatti-dal-hyderabadi-khatti-dal,"tuvar dal,water,tomatoes,ginger,garlic cloves,turmeric powder,tamarind,green chilies,coriander powder,red chili powder,salt,ghee,dried red chilies,curry leaves,cumin seeds,asafoetida",20,20,Main,Vegetarian,Moderate,https://www.vegrecipesofindia.com/khatti-dal-hyderabadi-khatti-dal-recipe/
195,murukku,"urad dal,Rice Flour,asafoetida powder ,red chilli powder ,salt ,white sesame seeds,carom seeds ,Ghee,water ,oil ",20,30,Snacks,"GlutenFree,Vegetarian",Moderate,https://www.vegrecipesofindia.com/murukku-recipe/
196,ragi-roti,"ragi flour,whole wheat flour,salt ,hot boiling water + 1 to 2 tablespoons,ghee or oil as required",15,25,Main,"GlutenFree,Vegetarian",Moderate,https://www.vegrecipesofindia.com/ragi-roti-recipe/
197,pepper-rasam-milagu-rasam,"tamarind,warm water,black peppercorns,cumin seeds,garlic cloves,sesame oil,mustard seeds,sprig curry leaves,asafoetida,dry red chilies,tomatoes,turmeric powder,red chilli powder,water,salt,coriander leaves",30,15,"Appetizers,SideDish",Vegan,Moderate,https://www.vegrecipesofindia.com/pepper-rasam-recipe-milagu-rasam/
198,dum-aloo-biryani,"basmati rice,water,salt,small to medium tej patta,cloves,green cardamoms,cinnamon,strands of mace,green chillies,chopped coriander leaves,chopped mint leaves,ginger,small to medium garlic,Curd,Ghee,baby potatoes,cashews,raisins,tejpatta,black cardamom,onions,tomatoes,turmeric powder,red chilli powder,Coriander Powder,biryani masala powder,cup,pinch of saffron,tablespoons,rose water",30,30,Main,Vegetarian,Difficult,https://www.vegrecipesofindia.com/dum-aloo-biryani-recipe/
199,south-indian-breakfasts,,30,30,Main,Vegetarian,Difficult,https://www.vegrecipesofindia.com/south-indian-breakfast-recipes/
200,beetroot-poriyal,"coconut oil,beetroot,chopped green chillies,curry leaves,black mustard seeds,urad dal,asafoetida,salt,water,coconut",5,15,SideDish,"Vegan,Vegetarian",Moderate,https://www.vegrecipesofindia.com/beetroot-poriyal/
201,ulli-theeyal,"coconut oil,coriander seeds,cumin seeds,whole black pepper,fenugreek seeds,dry red chilies,tightly packed grated coconut,water ,tightly packed seedless tamarind ,hot water,heaped pearl onions or shallots,turmeric powder,water,jaggery,salt as required,mustard seeds,dry red chili,curry leaves",30,20,Main,"GlutenFree,Vegan",Moderate,https://www.vegrecipesofindia.com/ulli-theeyal-recipe/
202,kalan,"elephant foot yam ,turmeric powder,crushed black pepper,salt,water,salt ,coconut,green chilies,cumin seeds,water ,Curd,coconut oil,mustard seeds,fenugreek seeds,dried red chilies,curry leaves",10,20,Main,"GlutenFree,Vegetarian",Moderate,https://www.vegrecipesofindia.com/kalan-recipe/
203,south-indianspage19,,10,20,Main,"GlutenFree,Vegetarian",Moderate,https://www.vegrecipesofindia.com/recipes/south-indian-recipes/page/19/
204,ulli-vada,"thinly sliced onions , besan,Rice Flour,asafoetida,red chilli powder,curry leaves, chopped,salt ,oil for deep frying",20,20,"Snacks,Starters",Vegan,Moderate,https://www.vegrecipesofindia.com/ulli-vada-recipe/
205,rice-rava-upma-akki-uppittu,"rice,black peppercorns,lilva beans,oil,mustard seeds,chana dal,urad dal,green chili,dry red chili,curry leaves,salt,water",5,10,Breakfast,Vegan,Moderate,https://www.vegrecipesofindia.com/rice-rava-upma-recipe-akki-uppittu/
206,capsicum-chutney,"sesame oil,urad dal,chana dal,sesame seeds,dry red chili,asafoetida,curry leaves,red bell pepper,desiccated coconut,tamarind,water,salt as required,mustard seeds",5,10,SideDish,Vegetarian,Moderate,https://www.vegrecipesofindia.com/capsicum-chutney-recipe/
207,kanchipuram-idli,"regular rice,parboiled rice or idli rice,water ,urad dal,fenugreek seeds,salt ,chana dal,hot water ,ginger powder,Ghee,black pepper,cumin seeds,cashews,curry leaves,asafoetida,some oil for greasing idli moulds or banana leaves,banana leaf,",9hours,20,Breakfast,Vegetarian,Moderate,https://www.vegrecipesofindia.com/kanchipuram-idli-recipe/
208,coriander-coconut-chutney,"coriander leaves,coconut,green chili,ginger,roasted chana dal,lemon juice,sugar,salt,water,mustard seeds,urad dal,curry leaves,asafoetida,oil",10,5,"Condiment,SideDish",Vegan,Moderate,https://www.vegrecipesofindia.com/coriander-coconut-chutney/
209,sabudana-payasam,"Ghee,cashews,raisins,javvarisi,water,whole milk,sugar,green cardamom powder,saffron ,edible camphor ",5,25,"Desserts,Sweets","GlutenFree,Vegetarian",Moderate,https://www.vegrecipesofindia.com/sabudana-payasam-recipe/
210,kesari-bhath,"rava,Ghee,cashews,water,raisins,sugar,green cardamom powder,saffron strands,natural orange food color extract,ghee",5,15,Sweets,Vegetarian,Moderate,https://www.vegrecipesofindia.com/kesari-bhath-recipe/
211,mint-coconut-chutney,"oil,mint leaves,curry leaves,ginger,grated coconut,green chilies,roasted chana dal,water,mustard seeds,asafoetida",20,15,SideDish,"Vegan,Vegetarian",Moderate,https://www.vegrecipesofindia.com/mint-coconut-chutney/
212,kootu-curry,"black chana,salt,water,plantain,elephant foot yam,turmeric powder,black pepper powder,salt ,jaggery,water ,grated fresh coconut,cumin seeds,dry red chilies,coconut oil,mustard seeds,urad dal,curry leaves,dry red chili",20,20,Main,"GlutenFree,Vegan",Moderate,https://www.vegrecipesofindia.com/kootu-curry-recipe/
213,rava-vada,"fine rava,chopped onions,finely chopped ginger,green chilies,chopped coriander leaves,curry leaves,cumin seeds,whole black peppercorns,fresh or sour curd,baking soda,salt ,oil as required, ",5,20,Snacks,Vegetarian,Moderate,https://www.vegrecipesofindia.com/rava-vada-recipe/
214,ginger-chutney-allam-pachadi,"tamarind ,hot water,oil ,mustard seeds ,urad dal ,dry kashmiri red chilies,small to medium sized curry leaves,asafoetida ,chopped ginger,turmeric powder ,jaggery,water for grinding ",10,5,"Condiment,SideDish",Vegan,Easy,https://www.vegrecipesofindia.com/ginger-chutney-allam-pachadi/
215,mushroom-65,"Curd,Ginger Garlic Paste,kashmiri red chilli powder,cumin powder,Coriander Powder,Garam Masala,curry leaves,corn flour,whole wheat flour ,Rice Flour,lemon juice,salt ,white button mushrooms,oil ,spring onion greens ",5,20,"Snacks,Starters",Vegan,Easy,https://www.vegrecipesofindia.com/mushroom-65-recipe/
216,south-indianspage20,,5,20,"Snacks,Starters",Vegan,Moderate,https://www.vegrecipesofindia.com/recipes/south-indian-recipes/page/20/
217,jini-dosa,"dosa batter,chopped onion,finely chopped capsicum,finely chopped cabbage,grated or finely chopped carrots,finely chopped tomatoes,finely chopped coriander leaves ,Schezwan Sauce,tomato ketchup ,red chili sauce,Garam Masala,chaat masala powder,Butter,oil ,grated cheese ",10,20,Snacks,Vegan,Moderate,https://www.vegrecipesofindia.com/jini-dosa-recipe/
218,thattai,"urad dal,Rice Flour,roasted chana dal,Butter,chopped curry leaves,chana dal,asafoetida powder,salt,white sesame seeds,red chilli powder,fresh grated coconut,water,oil as required ",20,20,Snacks,Vegetarian,Moderate,https://www.vegrecipesofindia.com/thattai-recipe/
219,mor-rasam-curd-rasam,"Curd,water,turmeric powder,Rice Flour,salt,tuvar dal,dry red chilies,black peppercorns,fenugreek seeds ,asafoetida,oil ,mustard seeds,curry leaves,dry red chili",15,5,Main,Vegetarian,Moderate,https://www.vegrecipesofindia.com/mor-rasam-recipe-curd-rasam/
220,puttu,"puttu flour,water ,salt ,fresh grated coconut,water",4,16,Breakfast,"LowFat,Vegetarian",Moderate,https://www.vegrecipesofindia.com/puttu-recipe/
221,gobi-biryani-cauliflower-biryani,"cauliflower florets,hot water,vinegar,salt,inch cinnamon,cloves,green cardamoms,small piece of stone flower,strands of mace,cumin seeds,poppy seeds,coriander seeds,whole black peppers,fennel seeds,desiccated coconut,green chilies,inch ginger,chopped garlic,chopped coriander leaves,water,seeraga samba rice,oil,thinly sliced onions,curry leaves,finely chopped tomatoes,pinch of turmeric powder,medium potato,lemon juice,coriander leaves",30,30,Main,"Vegan,Vegetarian",Moderate,https://www.vegrecipesofindia.com/gobi-biryani-recipe-cauliflower-biryani/
222,chana-dal-sundal,"chana dal,hot boiling water ,water,salt,oil, ,mustard seeds,urad dal,curry leaves,dry red chillies, ,generous pinch asafoetida,salt ,fresh coconut",1hour,35,"SideDish,Snacks",Vegan,Moderate,https://www.vegrecipesofindia.com/chana-dal-sundal-recipe/
223,sweet-kozhukattai-chana-dal-modak,"chana dal,water,grated coconut,tightly packed grated or chopped jaggery,cardamom powder,Rice Flour,salt,sesame oil",1hour,20,Sweets,Vegan,Moderate,https://www.vegrecipesofindia.com/sweet-kozhukattai-recipe-chana-dal-modak/
224,butter-murruku,"Rice Flour,roasted chana dal flour,gram flour,salted butter,cumin seeds,asafoetida,salt,water,oil",5,25,Snacks,"GlutenFree,Vegetarian",Moderate,https://www.vegrecipesofindia.com/butter-murruku-recipe/
225,olan,"cowpeas ,water ,salt ,ash gourd,curry leaves,green chillies,Coconut Milk (Thick),coconut oil",20,20,Main,"GlutenFree,Vegan",Moderate,https://www.vegrecipesofindia.com/olan-recipe/
226,rasam-powder,"coriander seeds ,chana dal ,tuvar dal ,whole black pepper ,cumin seeds ,byadagi red chilies ,turmeric powder",8,12,Condiment,"Vegan,Vegetarian",Moderate,https://www.vegrecipesofindia.com/rasam-powder-recipe/
227,curry-leaves-chutney,"curry leaves,urad dal,mustard seeds,cumin seeds,ginger,green chilies,,grated coconut,roasted chana dal,asafoetida,oil,salt as required",5,5,SideDish,Vegetarian,Easy,https://www.vegrecipesofindia.com/curry-leaves-chutney-recipe/
228,beetroot-rasam,"small beetroot ,water ,cumin seeds,whole black pepper,coriander seeds,dry red chilli,tamarind,oil,mustard seeds,dry red chili,curry leaves,generous pinch asafoetida,turmeric powder,salt ,chopped coriander leaves",15,10,"Main,SideDish",Vegan,Moderate,https://www.vegrecipesofindia.com/beetroot-rasam-recipe/
229,south-indianspage21,,15,10,"Main,SideDish",Vegan,Moderate,https://www.vegrecipesofindia.com/recipes/south-indian-recipes/page/21/
230,mirchi-bajji-recip,"green chillies,gram flour,Rice Flour,red chilli powder,turmeric powder,asafoetida,carom seeds,baking soda,salt ,water ,cumin powder,lemon juice, chopped onions,chopped coriander leaves,red chilli powder ,chaat masala powder,oil ",15,25,"Snacks,Starters",Vegan,Moderate,https://www.vegrecipesofindia.com/mirchi-bajji-recip/
231,pineapple-rasam-how-to-make-pineapple-rasam,"pigeon pea lentils ,water,turmeric powder,chopped pineapple,tomato,Rasam Powder,salt,chopped coriander leaves,cumin seeds,black peppercorns,garlic cloves,oil,mustard seeds,dried red chilies,curry leaves,asafoetida",25,20,"Appetizers,SideDish","Vegan,Vegetarian",Moderate,https://www.vegrecipesofindia.com/pineapple-rasam-recipe-how-to-make-pineapple-rasam-recipe/
232,mango-kesari,"mango,sugar,saffron strands,green cardamoms,Ghee,rava,cashews,raisins,water",5,20,Sweets,Vegetarian,Moderate,https://www.vegrecipesofindia.com/mango-kesari-recipe/
233,mamidikaya-pappu,"pigeon pea lentils ,turmeric powder,water,oil,mustard seeds,fenugreek seeds,green chili,medium garlic cloves,chopped onions ,curry leaves,chopped mango cubes,red chili powder,salt ,chopped coriander leaves",20,20,Main,"GlutenFree,Vegan",Moderate,https://www.vegrecipesofindia.com/mamidikaya-pappu-recipe/
234,unniyappam,"rice,water as required,oil ,chopped fresh coconut,medium sized banana,black sesame seeds,jaggery powder,water ,green cardamoms,cumin powder,dry ginger powder,baking soda,coconut oil",20,30,Sweets,"GlutenFree,Vegan",Moderate,https://www.vegrecipesofindia.com/unniyappam-recipe/
235,makar-sankrantis-pongals,,20,30,Sweets,"GlutenFree,Vegan",Moderate,https://www.vegrecipesofindia.com/makar-sankranti-recipes-pongal-recipes/
236,pazham-pori-ethakka-appam,"ripe firm bananas,all purpose flour,Rice Flour,sugar,turmeric powder,baking soda,water,oil as required,",10,30,Snacks,Vegan,Moderate,https://www.vegrecipesofindia.com/pazham-pori-recipe-ethakka-appam/
237,nei-choru-ney-choru,"kaima rice,Ghee,cashews,raisins,thinly sliced onions,tej patta,cinnamon,cloves,green cardamoms,water,salt,coriander leaves",15,25,Main,"GlutenFree,Vegetarian",Moderate,https://www.vegrecipesofindia.com/nei-choru-recipe-ney-choru/
238,janmashtami-fastings,,15,25,Main,"GlutenFree,Vegetarian",Moderate,https://www.vegrecipesofindia.com/janmashtami-fasting-recipes/
239,beans-thoran,"coconut oil,mustard seeds,cumin seeds,pearl onions ,garlic cloves,green chili,curry leaves,turmeric powder,french beans ,grated fresh coconut,water ",10,20,"Main,SideDish","GlutenFree,Vegan",Moderate,https://www.vegrecipesofindia.com/beans-thoran-recipe/
240,south-indianspage22,,10,20,"Main,SideDish","GlutenFree,Vegan",Moderate,https://www.vegrecipesofindia.com/recipes/south-indian-recipes/page/22/
241,churumuri,"puffed rice,roasted peanuts ,kashmiri red chili powder,turmeric powder,coconut oil,salt ,black salt,finely chopped onions, finely chopped tomatoes,finely grated carrot ,finely chopped raw unripe green mango,green chilli ,chopped coriander leaves,lemon juice,sev",5,5,"Brunch,Snacks",Vegan,Easy,https://www.vegrecipesofindia.com/churumuri-recipe/
242,nannari-syrup,"nannari powder,water,sugar,nannari syrup,lemon juice as required,ice cubes",5,25,Beverages,"GlutenFree,Vegan",Easy,https://www.vegrecipesofindia.com/nannari-syrup-recipe/
243,semiya-kesari-seviyan-kesari,"rice semiya,sugar,Ghee,cashews,raisins,cardamom powder,drops of natural orange food coloring,of saffron strands,water",5,20,Sweets,Vegetarian,Moderate,https://www.vegrecipesofindia.com/semiya-kesari-recipe-seviyan-kesari/
244,navratris-south-indian-navratris,,5,20,Sweets,Vegetarian,Moderate,https://www.vegrecipesofindia.com/navratri-recipes-south-indian-navratri-recipes/
245,rama-navamis,,5,20,Sweets,Vegetarian,Easy,https://www.vegrecipesofindia.com/rama-navami-recipes/
246,ennegayi-badanekayi-ennegayi,"oil,chana dal  ,peanuts,coriander seeds,cloves,cinnamon,marathi moggu,curry leaves,dry red chilies,desiccated coconut or fresh coconut,sesame seeds,salt ,250 grams brinjal or 10 to 12 small brinjals,enough water for soaking brinjals,salt,tamarind,hot water,mustard seeds,turmeric powder,asafoetida,water,jaggery or add as required,some chopped coriander leaves, ",30,20,Main,Vegan,Moderate,https://www.vegrecipesofindia.com/ennegayi-recipe-badanekayi-ennegayi-recipe/
247,poornam-boorelu,"rice,urad dal,water for soaking,water for grinding,salt,chana dal,water,jaggery,green cardamom seeds,nutmeg powder,grated coconut,oil as required,Ghee",20,20,"Snacks,Sweets",Vegetarian,Moderate,https://www.vegrecipesofindia.com/poornam-boorelu-recipe/
248,ennai-kathirikai-kulambu,"gingelly oil,coriander seeds,chana dal,urad dal,fenugreek seeds,dry red chilies,grated fresh coconut,poppy seeds,cumin seeds,black pepper,water ,tightly packed tamarind,hot water,small brinjals ,sesame oil,mustard seeds,curry leaves,asafoetida,turmeric powder,salt ,jaggery powder ",15,25,Main,Vegan,Moderate,https://www.vegrecipesofindia.com/ennai-kathirikai-kulambu/
249,tomato-pachadi,"oil,mustard seeds,urad dal,fenugreek seeds,byadagi chillies,curry leaves,asafoetida,heaped chopped tomatoes,tamarind,water ,salt ",5,10,"Condiment,SideDish",Vegan,Moderate,https://www.vegrecipesofindia.com/tomato-pachadi-recipe/
250,mor-kulambu,"tuvar dal,coriander seeds,cumin seeds,raw rice,hot water,green chilies,ginger,curry leaves,coconut,white pumpkin,water ,turmeric powder,curd,salt ,oil,mustard seeds,fenugreek seeds,dry red chilies ,asafoetida",10,20,Main,Vegetarian,Moderate,https://www.vegrecipesofindia.com/mor-kulambu-recipe/
251,cucumber-pachadi,"grated fresh coconut,cumin seeds,green chili, ,mustard seeds,water ,medium to large cucumber ,water,Curd,salt ,coconut oil,dry red chili,curry leaves",5,10,SideDish,"GlutenFree,Vegetarian",Moderate,https://www.vegrecipesofindia.com/cucumber-pachadi-recipe/
252,banana-varuval,"cumin seeds,black pepper,coconut oil,mustard seeds,pearl onions ,green chilli,curry leaves,plantains ,turmeric powder,kashmiri red chili powder,Garam Masala,Coriander Powder,fennel powder,salt ",5,20,SideDish,"GlutenFree,Vegan",Moderate,https://www.vegrecipesofindia.com/banana-varuval-recipe/
253,south-indianspage23,,5,20,SideDish,"GlutenFree,Vegan",Moderate,https://www.vegrecipesofindia.com/recipes/south-indian-recipes/page/23/
254,jackfruit-payasam-chakka-payasam,"heaped cup finely chopped ripe sweet jackfruit or 275 grams jackfruit with seeds,water ,jaggery powder ,water,thin coconut milk or third extract of coconut milk,Coconut Milk (Thick),ginger powder,cumin powder,cardamom powder,Ghee,cashews,raisins,finely chopped fresh coconut bits ",10,20,"Desserts,Sweets","GlutenFree,Vegetarian",Moderate,https://www.vegrecipesofindia.com/jackfruit-payasam-recipe-chakka-payasam/
255,avarakkai-poriyal,"avarakkai ,coconut oil ,mustard seeds,urad dal,green chilli, chopped ,asafoetida ,small to medium sized curry leaves,salt ,water or add as required,grated fresh coconut or desiccated coconut flakes.",15,20,"Main,SideDish",Vegan,Easy,https://www.vegrecipesofindia.com/avarakkai-poriyal-recipe/
256,sweet-corn-sundal,"steamed sweet corn kernels,oil,mustard seeds,urad dal,dry red chilies,green chili,,asafoetida,curry leaves,fresh coconut,salt as required",15,5,"SideDish,Snacks",Vegan,Easy,https://www.vegrecipesofindia.com/sweet-corn-sundal-recipe/
257,ugadi-pachadi,"tamarind,water,jaggery,mangoes,neem flowers,black pepper powder,salt",10,5,SideDish,"GlutenFree,Vegan",Easy,https://www.vegrecipesofindia.com/ugadi-pachadi-recipe/
258,rava-pongal,"moong lentils,water,rava,Ghee,cumin seeds,black pepper,ginger,asafoetida,cashews,sprig curry leaves,salt",15,15,Breakfast,"GlutenFree,Vegan",Easy,https://www.vegrecipesofindia.com/rava-pongal-recipe/
259,banana-flower-vada,"chana dal,enough water ,finely chopped banana flower,inch cinnamon,fennel,whole black pepper,medium onion,inch ginger,green chilies,curry leaves,chopped coriander leaves,salt ,oil ",10,20,"Breakfast,Snacks",Vegetarian,Moderate,https://www.vegrecipesofindia.com/banana-flower-vada-recipe/
260,soya-biryani,"soya chunks,water,salt,basmati rice,tej patta,cinnamon,cloves,green cardamoms,mace strands,oil,black cardamom,star anise,caraway seeds,thinly sliced onions,Ginger Garlic Paste,turmeric powder,cumin powder,kashmiri red chilli powder,Coriander Powder,Garam Masala,grated nutmeg,tomato puree,chopped mint,chopped coriander leaves,green peas,Coconut Milk (Thick),kewra water,chopped mint leaves,saffron strands",50,30,Main,Vegetarian,Moderate,https://www.vegrecipesofindia.com/soya-biryani/
261,south-indian-mixture,"carom seeds,gram flour,Rice Flour,asafoetida,turmeric powder,red chilli powder,salt ,oil ,water ,salt,water,peanuts,cashews,roasted chana dal,poha,curry leaves,omapodi ,boondi",15,1hour,Snacks,Vegetarian,Moderate,https://www.vegrecipesofindia.com/south-indian-mixture-recipe/
262,rajma-sundal,"kidney beans,enough water ,salt,water,sesame oil,mustard seeds,urad dal,curry leaves,dry red chilies,asafoetida,fresh grated coconut",5,30,Snacks,Vegan,Moderate,https://www.vegrecipesofindia.com/rajma-sundal/
263,kara-boondi,"besan,Rice Flour,asafoetida,baking soda,turmeric powder,salt,water ,oil or ghee,curry leaves,cashews,peanut,kashmiri red chilli powder,salt as required,oil",5,40,Snacks,Vegetarian,Moderate,https://www.vegrecipesofindia.com/kara-boondi-recipe/
264,kotte-kadubu,"urad dal,idli rava,water ,salt ,fresh jackfruit leaves",9hours,15,Breakfast,"GlutenFree,Vegan",Moderate,https://www.vegrecipesofindia.com/kotte-kadubu-recipe/
265,south-indianspage24,,9hours,15,Breakfast,"GlutenFree,Vegan",Easy,https://www.vegrecipesofindia.com/recipes/south-indian-recipes/page/24/
266,pumpkin-sambar,"tamarind,hot water,tuvar dal ,turmeric powder,water ,pumpkin ,water,salt ,Sambar Powder,sesame oil ,mustard seeds,dry red chilies,curry leaves,asafoetida",20,20,Main,Vegan,Moderate,https://www.vegrecipesofindia.com/pumpkin-sambar-recipe/
267,paneer-gassi,"oil,coriander seeds,cumin seeds,fennel seeds,mustard seeds,black peppercorns,fenugreek seeds,byadagi red chilies or kashmiri red chilies,curry leaves,chopped onion,medium garlic cloves ,ginger ,tamarind,turmeric,water ,tightly packed fresh grated coconut,water for grinding,jaggery powder or grated jaggery,salt ,Paneer,chopped coriander leaves",25,20,Main,"GlutenFree,Vegetarian",Moderate,https://www.vegrecipesofindia.com/paneer-gassi-recipe/
268,pongals,,25,20,Main,"GlutenFree,Vegetarian",Moderate,https://www.vegrecipesofindia.com/pongal-recipes/
269,kerala-parippu-curry,"moong dal,water,turmeric powder,fresh grated coconut,green chili,cumin seeds,pearl onion,salt,coconut oil,mustard seeds,dry red chilies,curry leaves,pearl onions",5,20,Main,"GlutenFree,Vegan",Moderate,https://www.vegrecipesofindia.com/kerala-parippu-curry-recipe/
270,clean-banana-flower-clean-cut-banana-flower,"banana flower,cups water ,Curd,oil ",45,20,Main,"GlutenFree,Vegan",Easy,https://www.vegrecipesofindia.com/clean-banana-flower-clean-cut-banana-flower/
271,vengaya-bajji-onion-bajji,"large onions,besan,Rice Flour,ajwain,red chili powder,baking soda,½ cup + 2 tablespoons water,salt as per taste,oil for deep frying",5,20,Snacks,Vegan,Moderate,https://www.vegrecipesofindia.com/vengaya-bajji-recipe-onion-bajji/
272,sesame-rice,"rice,water ,salt ,sesame seeds,urad dal ,dry red chilies,asafoetida,sesame oil ,mustard seeds,curry leaves",5,30,Main,Vegan,Moderate,https://www.vegrecipesofindia.com/sesame-rice-recipe/
273,drumstick-sambar,"tur dal,water,turmeric powder,tamarind,hot water,sesame oil,pearl onions ,diced tomatoes ,drumsticks ,Sambar Powder,salt ,mustard seeds,dry red chilies,fenugreek seeds,curry leaves,chopped coriander leaves",20,20,"Main,SideDish",Vegan,Moderate,https://www.vegrecipesofindia.com/drumstick-sambar-recipe/
274,paneer-fry,"oil,thinly sliced onions,Ginger Garlic Paste,green chilies,diced tomatoes,turmeric powder,black pepper powder,kashmiri red chili powder,Coriander Powder,cumin powder,Garam Masala,salt ,Paneer,chopped coriander leaves",10,15,"Main,SideDish","GlutenFree,Vegetarian",Moderate,https://www.vegrecipesofindia.com/paneer-fry-recipe/
275,potato-stew,"potatoes,coconut oil,thinly sliced pearl onions,small tej patta,inch ginger,whole black pepper,cloves,green chilli,sprig curry leaves,water,Coconut Milk (Thick),salt as required",5,25,"Breakfast,Main","GlutenFree,Vegan",Easy,https://www.vegrecipesofindia.com/potato-stew-recipe/
276,brinji-rice,"basmati rice,enough water ,chopped coriander leaves,chopped mint leaves,green chilies,ginger,garlic cloves,grated coconut,cinnamon,cloves,green cardamoms,fennel seeds,water ,oil,tej patta ,sliced onions ,chopped tomatoes ,chopped cauliflower,chopped carrots,chopped potato,chopped capsicum,green peas,chopped french beans,Coconut Milk,water,salt ",10,20,Main,"GlutenFree,Vegan",Moderate,https://www.vegrecipesofindia.com/brinji-rice-recipe/
277,peanut-rice,"rice,water ,salt ,peanuts,chana dal,urad dal,dry red chilies,desiccated coconut,turmeric powder,white sesame seeds,sesame oil,mustard seeds,curry leaves,asafoetida,salt as required,",25,5,Main,Vegetarian,Moderate,https://www.vegrecipesofindia.com/peanut-rice-recipe/
278,poricha-kootu,"urad dal ,byadagi chilies ,black pepper,cumin seeds,fresh grated coconut,water ,moong dal,turmeric powder,chopped ash gourd,water,salt ,coconut oil,mustard seeds,urad dal,curry leaves,generous pinch asafoetida",15,15,Main,Vegan,Moderate,https://www.vegrecipesofindia.com/poricha-kootu-recipe/
279,kappa-puzhukku,"tapioca root,water,salt ,coconut oil,mustard seeds,pearl onions ,dry red chilli,green chili,curry leaves,turmeric powder,grated coconut",10,20,"Main,SideDish","GlutenFree,Vegan",Moderate,https://www.vegrecipesofindia.com/kappa-puzhukku-recipe/
280,kuska-biryani-kuska-rice,"heaped basmati rice,Ghee,onions,tomatoes,Ginger Garlic Paste,green chilies,mint leaves,coriander leaves,water,lemon juice,salt,caraway seeds,cinnamon,cloves,green cardamoms,mace,tej patta",20,15,Main,"GlutenFree,Vegetarian",Moderate,https://www.vegrecipesofindia.com/kuska-biryani-recipe-kuska-rice/
281,pudina-thogayal,"sesame oil,mustard seeds,urad dal,chana dal,dry red chili,asafoetida powder,mint leaves,tamarind, salt, water",5,5,"Condiment,SideDish",Vegan,Moderate,https://www.vegrecipesofindia.com/pudina-thogayal-recipe/
282,moru-curry,"Curd,turmeric powder,water,grated fresh coconut,green chillies,cumin seeds,coconut oil,mustard seeds,curry leaves,fenugreek seeds,dry red chilies,sliced pearl onions,finely chopped ginger,chopped coriander leaves",10,15,Main,"GlutenFree,Vegetarian",Easy,https://www.vegrecipesofindia.com/moru-curry/
